{"mAP": 0.8333157894736842, "precision": 0.8247011952191236}